1684857192575,1484,HTTP Request-1,200,OK,Thread Group 1-1,text,true,,90332,280,2,2,https://www.w3schools.com:443/colors/default.asp,891,0,700
1684857192575,891,HTTP Request-1-0,301,Moved Permanently,Thread Group 1-1,text,true,,355,136,2,2,https://w3schools.com/colors/default.asp,891,0,700
1684857193467,592,HTTP Request-1-1,200,OK,Thread Group 1-1,text,true,,89977,144,2,2,https://www.w3schools.com:443/colors/default.asp,398,0,327
1684857194060,509,HTTP Request-2,200,OK,Thread Group 1-1,text,true,,93953,284,2,2,https://www.w3schools.com:443/js/js_json_intro.asp,192,0,0
1684857194060,192,HTTP Request-2-0,301,Moved Permanently,Thread Group 1-1,text,true,,357,138,2,2,https://w3schools.com/js/js_json_intro.asp,192,0,0
1684857194252,317,HTTP Request-2-1,200,OK,Thread Group 1-1,text,true,,93596,146,2,2,https://www.w3schools.com:443/js/js_json_intro.asp,66,0,0
1684857193573,1268,HTTP Request-1,200,OK,Thread Group 1-2,text,true,,90332,280,2,2,https://www.w3schools.com:443/colors/default.asp,731,0,542
1684857193573,732,HTTP Request-1-0,301,Moved Permanently,Thread Group 1-2,text,true,,355,136,2,2,https://w3schools.com/colors/default.asp,731,0,542
1684857194306,535,HTTP Request-1-1,200,OK,Thread Group 1-2,text,true,,89977,144,2,2,https://www.w3schools.com:443/colors/default.asp,291,0,228
1684857194842,504,HTTP Request-2,200,OK,Thread Group 1-2,text,true,,93953,284,2,2,https://www.w3schools.com:443/js/js_json_intro.asp,184,0,0
1684857194842,184,HTTP Request-2-0,301,Moved Permanently,Thread Group 1-2,text,true,,357,138,2,2,https://w3schools.com/js/js_json_intro.asp,184,0,0
1684857195026,320,HTTP Request-2-1,200,OK,Thread Group 1-2,text,true,,93596,146,2,2,https://www.w3schools.com:443/js/js_json_intro.asp,75,0,0
1684857194578,1504,HTTP Request-1,200,OK,Thread Group 1-3,text,true,,90332,280,2,2,https://www.w3schools.com:443/colors/default.asp,708,0,505
1684857194578,708,HTTP Request-1-0,301,Moved Permanently,Thread Group 1-3,text,true,,355,136,2,2,https://w3schools.com/colors/default.asp,708,0,505
1684857195287,795,HTTP Request-1-1,200,OK,Thread Group 1-3,text,true,,89977,144,2,2,https://www.w3schools.com:443/colors/default.asp,226,0,144
1684857195579,1225,HTTP Request-1,200,OK,Thread Group 1-4,text,true,,90332,280,3,3,https://www.w3schools.com:443/colors/default.asp,834,0,649
1684857195579,834,HTTP Request-1-0,301,Moved Permanently,Thread Group 1-4,text,true,,355,136,3,3,https://w3schools.com/colors/default.asp,834,0,649
1684857196414,390,HTTP Request-1-1,200,OK,Thread Group 1-4,text,true,,89977,144,3,3,https://www.w3schools.com:443/colors/default.asp,217,0,128
1684857196083,793,HTTP Request-2,200,OK,Thread Group 1-3,text,true,,93953,284,3,3,https://www.w3schools.com:443/js/js_json_intro.asp,184,0,0
1684857196083,184,HTTP Request-2-0,301,Moved Permanently,Thread Group 1-3,text,true,,357,138,3,3,https://w3schools.com/js/js_json_intro.asp,184,0,0
1684857196267,609,HTTP Request-2-1,200,OK,Thread Group 1-3,text,true,,93596,146,3,3,https://www.w3schools.com:443/js/js_json_intro.asp,242,0,0
1684857196579,1041,HTTP Request-1,200,OK,Thread Group 1-5,text,true,,90332,280,3,3,https://www.w3schools.com:443/colors/default.asp,726,0,541
1684857196579,726,HTTP Request-1-0,301,Moved Permanently,Thread Group 1-5,text,true,,355,136,3,3,https://w3schools.com/colors/default.asp,726,0,541
1684857197306,314,HTTP Request-1-1,200,OK,Thread Group 1-5,text,true,,89977,144,3,3,https://www.w3schools.com:443/colors/default.asp,192,0,130
1684857196805,829,HTTP Request-2,200,OK,Thread Group 1-4,text,true,,93953,284,3,3,https://www.w3schools.com:443/js/js_json_intro.asp,271,0,0
1684857196805,271,HTTP Request-2-0,301,Moved Permanently,Thread Group 1-4,text,true,,357,138,3,3,https://w3schools.com/js/js_json_intro.asp,271,0,0
1684857197076,558,HTTP Request-2-1,200,OK,Thread Group 1-4,text,true,,93596,146,3,3,https://www.w3schools.com:443/js/js_json_intro.asp,70,0,0
1684857197621,420,HTTP Request-2,200,OK,Thread Group 1-5,text,true,,93953,284,2,2,https://www.w3schools.com:443/js/js_json_intro.asp,208,0,0
1684857197621,208,HTTP Request-2-0,301,Moved Permanently,Thread Group 1-5,text,true,,357,138,2,2,https://w3schools.com/js/js_json_intro.asp,208,0,0
1684857197829,212,HTTP Request-2-1,200,OK,Thread Group 1-5,text,true,,93596,146,2,2,https://www.w3schools.com:443/js/js_json_intro.asp,94,0,0
1684857197580,1653,HTTP Request-1,200,OK,Thread Group 1-6,text,true,,90332,280,2,2,https://www.w3schools.com:443/colors/default.asp,861,0,673
1684857197580,861,HTTP Request-1-0,301,Moved Permanently,Thread Group 1-6,text,true,,355,136,2,2,https://w3schools.com/colors/default.asp,861,0,673
1684857198442,791,HTTP Request-1-1,200,OK,Thread Group 1-6,text,true,,89977,144,2,2,https://www.w3schools.com:443/colors/default.asp,387,0,152
1684857198581,1571,HTTP Request-1,200,OK,Thread Group 1-7,text,true,,90332,280,3,3,https://www.w3schools.com:443/colors/default.asp,783,0,594
1684857198581,783,HTTP Request-1-0,301,Moved Permanently,Thread Group 1-7,text,true,,355,136,3,3,https://w3schools.com/colors/default.asp,783,0,594
1684857199364,788,HTTP Request-1-1,200,OK,Thread Group 1-7,text,true,,89977,144,3,3,https://www.w3schools.com:443/colors/default.asp,512,0,410
1684857199234,1241,HTTP Request-2,200,OK,Thread Group 1-6,text,true,,93953,284,3,3,https://www.w3schools.com:443/js/js_json_intro.asp,186,0,0
1684857199234,186,HTTP Request-2-0,301,Moved Permanently,Thread Group 1-6,text,true,,357,138,3,3,https://w3schools.com/js/js_json_intro.asp,186,0,0
1684857199420,1055,HTTP Request-2-1,200,OK,Thread Group 1-6,text,true,,93596,146,3,3,https://www.w3schools.com:443/js/js_json_intro.asp,340,0,0
1684857200152,1231,HTTP Request-2,200,OK,Thread Group 1-7,text,true,,93953,284,3,3,https://www.w3schools.com:443/js/js_json_intro.asp,185,0,0
1684857200152,185,HTTP Request-2-0,301,Moved Permanently,Thread Group 1-7,text,true,,357,138,3,3,https://w3schools.com/js/js_json_intro.asp,185,0,0
1684857200337,1046,HTTP Request-2-1,200,OK,Thread Group 1-7,text,true,,93596,146,3,3,https://www.w3schools.com:443/js/js_json_intro.asp,141,0,0
1684857199581,2169,HTTP Request-1,200,OK,Thread Group 1-8,text,true,,90332,280,3,3,https://www.w3schools.com:443/colors/default.asp,783,0,583
1684857199581,783,HTTP Request-1-0,301,Moved Permanently,Thread Group 1-8,text,true,,355,136,3,3,https://w3schools.com/colors/default.asp,783,0,583
1684857200365,1385,HTTP Request-1-1,200,OK,Thread Group 1-8,text,true,,89977,144,3,3,https://www.w3schools.com:443/colors/default.asp,737,0,129
1684857200582,1490,HTTP Request-1,200,OK,Thread Group 1-9,text,true,,90332,280,3,3,https://www.w3schools.com:443/colors/default.asp,1113,0,799
1684857200582,1113,HTTP Request-1-0,301,Moved Permanently,Thread Group 1-9,text,true,,355,136,3,3,https://w3schools.com/colors/default.asp,1113,0,799
1684857201695,377,HTTP Request-1-1,200,OK,Thread Group 1-9,text,true,,89977,144,3,3,https://www.w3schools.com:443/colors/default.asp,191,0,130
1684857202073,468,HTTP Request-2,200,OK,Thread Group 1-9,text,true,,93953,284,3,3,https://www.w3schools.com:443/js/js_json_intro.asp,198,0,0
1684857202073,198,HTTP Request-2-0,301,Moved Permanently,Thread Group 1-9,text,true,,357,138,3,3,https://w3schools.com/js/js_json_intro.asp,198,0,0
1684857202271,270,HTTP Request-2-1,200,OK,Thread Group 1-9,text,true,,93596,146,3,3,https://www.w3schools.com:443/js/js_json_intro.asp,132,0,0
1684857201582,1918,HTTP Request-1,200,OK,Thread Group 1-10,text,true,,90332,280,2,2,https://www.w3schools.com:443/colors/default.asp,848,0,665
1684857201582,848,HTTP Request-1-0,301,Moved Permanently,Thread Group 1-10,text,true,,355,136,2,2,https://w3schools.com/colors/default.asp,848,0,665
1684857202431,1069,HTTP Request-1-1,200,OK,Thread Group 1-10,text,true,,89977,144,2,2,https://www.w3schools.com:443/colors/default.asp,773,0,135
1684857203500,504,HTTP Request-2,200,OK,Thread Group 1-10,text,true,,93953,284,2,2,https://www.w3schools.com:443/js/js_json_intro.asp,193,0,0
1684857203500,193,HTTP Request-2-0,301,Moved Permanently,Thread Group 1-10,text,true,,357,138,2,2,https://w3schools.com/js/js_json_intro.asp,193,0,0
1684857203693,311,HTTP Request-2-1,200,OK,Thread Group 1-10,text,true,,93596,146,2,2,https://www.w3schools.com:443/js/js_json_intro.asp,183,0,0
1684857201750,2473,HTTP Request-2,200,OK,Thread Group 1-8,text,true,,93953,284,1,1,https://www.w3schools.com:443/js/js_json_intro.asp,190,0,0
1684857201750,190,HTTP Request-2-0,301,Moved Permanently,Thread Group 1-8,text,true,,357,138,1,1,https://w3schools.com/js/js_json_intro.asp,190,0,0
1684857201940,2283,HTTP Request-2-1,200,OK,Thread Group 1-8,text,true,,93596,146,1,1,https://www.w3schools.com:443/js/js_json_intro.asp,682,0,0
